{
  "ba": 0.004817987648659371,
  "dan": 0.002855138150898365,
  "ji": 0.01627719423999921,
  "lin": 0.003364443093444624,
  "sha": 0.0018904892326997893,
  "mo": 0.0038490094838332014,
  "lv": 0.0023130546267431788,
  "you": 0.008284786501656401,
  "jie": 0.006518299261646988,
  "che": 0.0009731527955027786,
  "gong": 0.008866606325214863,
  "chong": 0.00151987479818753,
  "yang": 0.0039842984409455195,
  "chun": 0.002373509463578512,
  "dian": 0.004517878087796503,
  "que": 0.0008471407954495908,
  "fa": 0.003427371785495725,
  "bing": 0.0023950010807654975,
  "fang": 0.0038568948973334623,
  "zhi": 0.015306360683761212,
  "ri": 0.002611927259998163,
  "du": 0.0035510645462841304,
  "zhe": 0.002717220722619293,
  "duan": 0.0016526899000840801,
  "wu": 0.013142046601866091,
  "hua": 0.0065612824960209586,
  "he": 0.006748986260517363,
  "gan": 0.0022496620868391213,
  "han": 0.0029038421754587996,
  "fu": 0.009256856985502281,
  "qin": 0.001649288349162399,
  "en": 0.0006268130652952438,
  "gu": 0.005270084689340993,
  "niang": 0.00022326543322307154,
  "guang": 0.002692636786412598,
  "gun": 0.00014147359515173855,
  "yuan": 0.012923728879074555,
  "nv": 0.001484158513509878,
  "er": 0.009094974084820455,
  "guo": 0.003761496855575405,
  "ai": 0.002445560496737758,
  "ya": 0.0024084526685012363,
  "ao": 0.0009771728102284018,
  "pi": 0.0016581014583685728,
  "ke": 0.006108876223437366,
  "bo": 0.0025083345728378736,
  "guan": 0.00360131473035442,
  "chou": 0.0011979643882357052,
  "ceng": 0.0006484592984332148,
  "bao": 0.004371456782213228,
  "hu": 0.004833140011855951,
  "da": 0.005643946058823948,
  "xue": 0.004936578083065255,
  "sheng": 0.006713888439643653,
  "tong": 0.004457732482863141,
  "shi": 0.027873081332010233,
  "jia": 0.005792995835573976,
  "ting": 0.0016415575516131238,
  "jian": 0.008154909102828576,
  "qing": 0.005953023344843975,
  "zi": 0.008105741230415185,
  "ran": 0.001141684182076981,
  "zai": 0.0025100353482987144,
  "hai": 0.003272910450461204,
  "jing": 0.006753315507144957,
  "cha": 0.001404222066850371,
  "lao": 0.0018396205848255577,
  "dong": 0.00453241198718914,
  "long": 0.002389125674628048,
  "ren": 0.0076261225504581425,
  "ying": 0.005255396173997369,
  "mang": 0.00044869548975994016,
  "mu": 0.003404179392847899,
  "niu": 0.000644284667756606,
  "nai": 0.0006025383609905193,
  "qi": 0.012151886051754907,
  "xiang": 0.008880676376754543,
  "sao": 0.0003107780614808683,
  "duo": 0.002318311569076686,
  "xing": 0.007755690717383997,
  "xiao": 0.006142273268850236,
  "fei": 0.0034126832701521018,
  "quan": 0.002441849713914106,
  "yi": 0.020734772106911364,
  "yin": 0.004220242382149403,
  "yue": 0.00336320616583674,
  "zhu": 0.005083927084354443,
  "can": 0.0010422661255933001,
  "huo": 0.0024084526685012363,
  "jun": 0.002937239220871669,
  "jiao": 0.004378878347860533,
  "mei": 0.0035150390297045073,
  "kai": 0.0016050681871805441,
  "nian": 0.006069139924034091,
  "zhai": 0.0006138253254124612,
  "kang": 0.0008850217034410398,
  "zhan": 0.0026805767422357282,
  "zheng": 0.0038559672016275494,
  "li": 0.011205327199821634,
  "la": 0.001812872025305065,
  "lian": 0.0030521188724539003,
  "ma": 0.0033862439425335804,
  "zu": 0.0019885157456246004,
  "chen": 0.0020747914462745133,
  "mao": 0.0016070781945433557,
  "ze": 0.0010026844421410104,
  "shen": 0.004724599614264125,
  "po": 0.0009978913476604598,
  "shui": 0.0034034063130929716,
  "qiao": 0.0012213113968345167,
  "xi": 0.008952108946109847,
  "qian": 0.004940598097790878,
  "jiang": 0.0036688819009350862,
  "chao": 0.0016313528988480801,
  "luo": 0.0035972947156287967,
  "ming": 0.003933275177120303,
  "yan": 0.007108932194411623,
  "gao": 0.002749535456375264,
  "tu": 0.0028509635202217565,
  "di": 0.005838607541114701,
  "san": 0.005677652336138788,
  "xia": 0.0034400502934765365,
  "qiu": 0.002609453404782395,
  "xin": 0.006359663295935858,
  "ge": 0.004056349474104766,
  "hong": 0.0022137911862104838,
  "huan": 0.002483441404729207,
  "jin": 0.006377598746250177,
  "liang": 0.0027351561729336117,
  "kou": 0.0014147359515173856,
  "sen": 0.0003730882897280275,
  "tang": 0.0018527629406593258,
  "niao": 0.0007065948960037652,
  "wei": 0.01023619441904448,
  "chu": 0.004630593116064938,
  "pin": 0.0010226298998181407,
  "kun": 0.00035901823818834634,
  "sun": 0.000527085776909592,
  "zhong": 0.006667658270298987,
  "shan": 0.004581270627700561,
  "tao": 0.0013552088103879654,
  "tian": 0.0046480647185263,
  "cang": 0.0008638393181560254,
  "xian": 0.008643804739844748,
  "dai": 0.0025058607176221058,
  "xuan": 0.001556518778571095,
  "chuan": 0.0022280158537011504,
  "bai": 0.00347159194747758,
  "yu": 0.012876725629974961,
  "shu": 0.006896180645855566,
  "chan": 0.0008355445991256777,
  "dang": 0.0015075055221086895,
  "shao": 0.001401438979732632,
  "dui": 0.001484467745411849,
  "zou": 0.0005233749940859399,
  "mai": 0.0010323707047302276,
  "ci": 0.0032016324970568855,
  "fan": 0.002443705105325932,
  "feng": 0.0058676753398999755,
  "hui": 0.0037675268776638394,
  "hei": 0.0009886143906013293,
  "hou": 0.00191661932841634,
  "xu": 0.002783705581543061,
  "shua": 8.364722948315907e-05,
  "ping": 0.0023577386365779903,
  "te": 0.0014561730263815012,
  "gui": 0.0034307733364174063,
  "ju": 0.006887522152600378,
  "jue": 0.001460038425156139,
  "tuan": 0.00045086011307373725,
  "tou": 0.0025307538857307723,
  "zan": 0.0003180450111771871,
  "cheng": 0.005525510240369049,
  "a": 0.0011885328152255892,
  "bu": 0.008900621834431674,
  "lei": 0.002238838970270136,
  "nuo": 0.00045488012779936046,
  "gang": 0.0009289326335209237,
  "gua": 0.0005065218554285197,
  "lan": 0.0017684972473722247,
  "ku": 0.0013535080349271248,
  "si": 0.009509035601559641,
  "lu": 0.004356768266869605,
  "tuo": 0.0010968455562911838,
  "nie": 0.00019481609824173834,
  "ou": 0.0005771813450288961,
  "an": 0.004049700988212389,
  "cui": 0.0007580820076819389,
  "shou": 0.0037155759181327092,
  "na": 0.001454936098773617,
  "zhou": 0.003030936487168886,
  "ban": 0.0028055064306320176,
  "peng": 0.0007817382481827215,
  "lie": 0.0013216571490241105,
  "bang": 0.0006043937524023453,
  "ben": 0.0011239033477136475,
  "she": 0.0032101363743610883,
  "bei": 0.0035553937929117246,
  "bi": 0.003474065802693348,
  "zhang": 0.0038630795353728825,
  "cai": 0.0021689525604246867,
  "cao": 0.0014990016448044865,
  "dao": 0.004622707702564677,
  "chi": 0.002592600266124975,
  "ling": 0.004686409474370705,
  "yun": 0.0030576850466893786,
  "kong": 0.0027246422882665974,
  "cun": 0.001099010179604981,
  "wang": 0.004343007447231895,
  "ti": 0.0026980483446970905,
  "xie": 0.002235282803397469,
  "zuo": 0.0026938737140204815,
  "e": 0.0012517707391786616,
  "ye": 0.005816342844172788,
  "chui": 0.0008980094433238224,
  "se": 0.0018643591369832387,
  "fen": 0.004689037945537459,
  "nu": 0.0004725063462117082,
  "le": 0.0017620033774308334,
  "tai": 0.0027606678048462206,
  "guai": 0.00035932747009031736,
  "ka": 0.0009261495464031846,
  "mi": 0.002653055102960308,
  "nve": 3.04593423441448e-05,
  "wo": 0.003049799633189118,
  "liu": 0.005945756395147657,
  "yao": 0.003009290254030915,
  "pian": 0.001896828486690195,
  "hun": 0.0011214294924978795,
  "ni": 0.002763914739816916,
  "suo": 0.0021555009726889475,
  "teng": 0.0003927245155031868,
  "lang": 0.0012904247269250383,
  "shang": 0.004049237140359432,
  "jiong": 0.00012740354361205744,
  "lou": 0.0008791462973035906,
  "qia": 9.35426503462315e-05,
  "zhuang": 0.0016497521970153556,
  "yong": 0.002319857728586541,
  "tan": 0.0015682695908459936,
  "lun": 0.001311143264357096,
  "men": 0.0018612668179635286,
  "meng": 0.0017346363541063986,
  "man": 0.0016820669307713264,
  "ta": 0.001252543818933589,
  "de": 0.009639995312044366,
  "mou": 0.00025078707249849173,
  "nei": 0.0007557627684171563,
  "xiu": 0.001426795995694255,
  "juan": 0.0006936071561209826,
  "pai": 0.001203066714618227,
  "zhuo": 0.0005675951560677948,