{
  "zhong": 0.016788421275721402,
  "e": 0.0005166585461013401,
  "liang": 0.0037450081929194428,
  "guo": 0.014892650547507035,
  "yuan": 0.006720127720712145,
  "shou": 0.003633328360497149,
  "hu": 0.003563389144084984,
  "zhi": 0.018796484849410277,
  "xin": 0.009504377275427823,
  "nian": 0.002945639172826937,
  "he": 0.013514374292283398,
  "dian": 0.0027179884166168224,
  "jia": 0.008083413020386083,
  "zhu": 0.007123211666775244,
  "xi": 0.008019492477577515,
  "jin": 0.010127532907237249,
  "ping": 0.0038561864692081035,
  "luo": 0.0015480251422287806,
  "si": 0.003529339055457229,
  "zong": 0.0019790290463974534,
  "tong": 0.006847355793277063,
  "pu": 0.0006782710780497692,
  "jing": 0.00816472084249393,
  "zai": 0.008082744278874572,
  "dai": 0.004603895207536405,
  "biao": 0.002549019728041775,
  "zheng": 0.0074208573678568165,
  "fu": 0.0070473095052187755,
  "ren": 0.010156790348365844,
  "min": 0.00469623726458418,
  "xiang": 0.008509624277055596,
  "yi": 0.023564054541888937,
  "cheng": 0.007715772374433053,
  "de": 0.03093091103269126,
  "hao": 0.0030157455746169797,
  "shi": 0.03296316075771311,
  "quan": 0.005881748779114846,
  "mian": 0.0030740375430369994,
  "zhan": 0.007809117543748094,
  "lve": 0.0006824507124967113,
  "xie": 0.0027614008864057277,
  "zuo": 0.00720056276827332,
  "huo": 0.0030002530629336475,
  "ban": 0.0024094199375139075,
  "guan": 0.006296591430088675,
  "gao": 0.003478347515204535,
  "shui": 0.0019487127645422997,
  "shang": 0.004891008229811683,
  "qu": 0.004761105191200722,
  "yao": 0.0060683276608263425,
  "fa": 0.010296724509649467,
  "shuang": 0.0005852602794904836,
  "fang": 0.0065217901340899175,
  "she": 0.006313254239417152,
  "ji": 0.02033414449821064,
  "bi": 0.002134177077067945,
  "ci": 0.002211862549321776,
  "li": 0.014811231268480602,
  "wen": 0.005036961064698902,
  "ti": 0.007675759340660994,
  "jian": 0.01287026475977997,
  "ding": 0.0026094851063742045,
  "chi": 0.002822535006249668,
  "lu": 0.0024240207938485588,
  "ou": 0.0003218318524145442,
  "ya": 0.0009459905964912359,
  "lian": 0.001980868085554108,
  "meng": 0.0006200905665483347,
  "dui": 0.004646583207354507,
  "jie": 0.007352868647519891,
  "zao": 0.0016176299878851903,
  "qi": 0.007420690182478939,
  "xing": 0.00826191127550016,
  "da": 0.009090370551343381,
  "mu": 0.0021112169518394098,
  "you": 0.009734870183061859,
  "chuang": 0.00234182131639203,
  "nong": 0.0022868730555295645,
  "ye": 0.007695765857547024,
  "di": 0.005243769377133599,
  "bu": 0.011159233874120445,
  "duan": 0.0018720861330150272,
  "dong": 0.0051763379413895996,
  "neng": 0.0033217505445924363,
  "mei": 0.002958512446923519,
  "jiao": 0.003591030459894095,
  "liu": 0.0018979441381267758,
  "man": 0.0006638931355522883,
  "peng": 0.000358222536332587,
  "bo": 0.0011181358072459592,
  "kai": 0.0032732667850079076,
  "chu": 0.006133084130524299,
  "geng": 0.00235987733720282,
  "gong": 0.01054544062347217,
  "gu": 0.0018454479294731827,
  "wu": 0.006416853445242024,
  "bao": 0.004412913777540796,
  "mi": 0.0007392937409751243,
  "qie": 0.0008010966023305753,
  "xiao": 0.0038939703646084607,
  "tiao": 0.0014530638475942553,
  "pei": 0.001108773426084809,
  "wei": 0.012519955664666925,
  "le": 0.005569780863995085,
  "xian": 0.007986891328891367,
  "wo": 0.0034987441313056125,
  "xu": 0.003201265615601918,
  "ni": 0.0005703807808593697,
  "nu": 0.0003821857738283886,
  "tuo": 0.0010045612072077184,
  "tui": 0.0028190241133142367,
  "yin": 0.002576716772310178,
  "ling": 0.002925799841318785,
  "shuo": 0.0015402788863871145,
  "zhen": 0.002221559301238682,
  "shen": 0.0047445538387908305,
  "ru": 0.0030918149215513266,
  "an": 0.0027124712991468585,
  "kang": 0.0006142948067819082,
  "jiang": 0.003357249573161798,
  "bian": 0.0024978610024112033,
  "mao": 0.0013573780829889267,
  "zeng": 0.001322882166686831,
  "zhang": 0.0033802096983903338,
  "ke": 0.004715352126121528,
  "hua": 0.007316533692061141,
  "yu": 0.008809554844968164,
  "jue": 0.0019500502475653212,
  "re": 0.00039896004007544965,
  "wang": 0.0026466002602630505,
  "men": 0.0035522434522264716,
  "ge": 0.0075624633829192165,
  "ta": 0.0020368194586838397,
  "gan": 0.0025303506941787668,
  "jiu": 0.004057087564957789,
  "ying": 0.003986479607034113,
  "gai": 0.0031217411041914323,
  "beng": 3.4105817087047795e-05,
  "lai": 0.0036186160472439126,
  "cai": 0.0023580382980461657,
  "guang": 0.0015560500403669095,
  "qun": 0.0010649151286215627,
  "lie": 0.00076465018995324,
  "fan": 0.002338198966538014,
  "qing": 0.0030714740339095417,
  "qin": 0.0006305117884360437,
  "rang": 0.0011208665017512947,
  "bei": 0.002327610559272427,
  "sheng": 0.006610398384365091,
  "chong": 0.0010795717134155064,
  "fen": 0.002831340102817893,
  "dou": 0.0017719420916662938,
  "zi": 0.006072563023732577,
  "tai": 0.0026275411271849945,
  "zu": 0.0029829772405529534,
  "gang": 0.000912776434752869,
  "ku": 0.00038396908452575056,
  "duo": 0.0026351759261080752,
  "zhe": 0.0059295080687285714,
  "tie": 0.0004523479040777238,
  "ba": 0.0021299417141617105,
  "yong": 0.0032866416152381225,
  "yue": 0.0017752300707645548,
  "tian": 0.0015475235860951475,
  "zhao": 0.0011750902926429573,
  "feng": 0.002085581860564831,
  "dang": 0.005330984415926458,
  "shu": 0.005230394546903384,
  "huan": 0.002036875187143132,
  "ju": 0.004811205076104734,
  "ming": 0.0032515326858838086,
  "hou": 0.0018432745195607729,
  "xia": 0.00204813233592023,
  "ting": 0.0008870856150189981,
  "dao": 0.006446500985585667,
  "tan": 0.0012388993785329406,
  "pin": 0.0028443248338330595,
  "hui": 0.007947268394334355,
  "xuan": 0.0010702650607136487,
  "bai": 0.0010327598076097545,
  "cun": 0.002905849052892048,
  "en": 7.896722681756002e-05,
  "kuan": 0.0003214974816587888,
  "kun": 0.0007275907645236864,
  "kou": 0.0009215258028618013,
  "qian": 0.0028784863793794003,
  "lao": 0.0013904807878087086,
  "xue": 0.0030938211460858588,
  "kan": 0.0010646922147843924,
  "xiu": 0.0008666332704586279,
  "can": 0.0009945858129943497,
  "hai": 0.002955558838581013,
  "ai": 0.0006084433185561893,
  "ri": 0.0010345431183071165,
  "long": 0.00039812411318606124,
  "shan": 0.0021265422781448643,
  "gou": 0.0018917582791453016,
  "me": 0.00045680618082112877,
  "ce": 0.0013947161507149432,
  "lei": 0.0010252921940645512,
  "song": 0.0004618217421574593,
  "shao": 0.001088265353065146,
  "chuan": 0.0015645764946386714,
  "han": 0.0007806999862294977,
  "nan": 0.0017275822380694145,
  "hong": 0.0008200442784900463,
  "liao": 0.0010373852697310372,
  "cong": 0.0015661926199581557,
  "yang": 0.003476174105292125,
  "zou": 0.0008359826178477189,
  "ning": 0.0004287747657969702,
  "fo": 2.2904396769242884e-05,
  "cha": 0.0017147646924321254,
  "ha": 9.819354527349382e-05,
  "wan": 0.0016989935384523305,
  "zang": 0.0001419403858181548,
  "mai": 0.0005571174075477399,
  "zhuo": 0.0004074864943472116,
  "ga": 2.468770746660486e-05,
  "zha": 0.0002768589857654468,
  "gen": 0.0008453449990088694,
  "tu": 0.0016106082020143275,
  "qiao": 0.0003786191524336646,
  "yan": 0.0041424078361347,
  "ze": 0.0019287619761155625,
  "su": 0.0016176857163444829,
  "nuan": 9.858364448854176e-05,
  "wa": 0.00019588553441335458,
  "te": 0.001735272765451788,
  "se": 0.0014625934141332833,
  "chan": 0.0031285957046844172,
  "ben": 0.0019060247647241972,
  "lv": 0.0022174911237103252,
  "huang": 0.0004520135333219684,
  "xiong": 0.0002740168343415262,
  "er": 0.0025836828297217482,
  "yun": 0.001456797654366857,
  "zhuang": 0.0008623979075523933,
  "miao": 0.00022804085542516272,
  "zhou": 0.0012777978431191487,
  "gua": 0.00018468411409554967,
  "zui": 0.0014932440667441923,
  "bing": 0.0016365219355853687,
  "chou": 0.0004459391312590792,
  "shun": 0.00023556419742965857,
  "tang": 0.00035916992014056054,
  "lin": 0.0008908194217915997,
  "deng": 0.0030860191617849,
  "hen": 0.0006789398195612799,
  "pian": 0.0005656995902787944,
  "pi": 0.0007415228793468268,