{
  "zhong": 0.014107035407602825,
  "e": 0.0007114185108335558,
  "liang": 0.003477458905002095,
  "guo": 0.011943572677645814,
  "yuan": 0.00836370424439567,
  "shou": 0.0036551189546068126,
  "hu": 0.0038997957994970547,
  "zhi": 0.01787181448505765,
  "xin": 0.008671219575818914,
  "nian": 0.0037731766587711653,
  "he": 0.011721958458517034,
  "dian": 0.0031948495708487754,
  "jia": 0.007476591946899759,
  "zhu": 0.006582925439595972,
  "xi": 0.008266579047805218,
  "jin": 0.009134028715877504,
  "ping": 0.003459189045162643,
  "luo": 0.0020909567839573918,
  "si": 0.005113594492104246,
  "zong": 0.001727730669167207,
  "tong": 0.006214251137902992,
  "pu": 0.0009158279292166641,
  "jing": 0.0077907843795647766,
  "zai": 0.006606315775847827,
  "dai": 0.004048043832588932,
  "biao": 0.0021899253520563074,
  "zheng": 0.006476378566406701,
  "fu": 0.007632705031761086,
  "ren": 0.009486317493050797,
  "min": 0.0038035308429438873,
  "xiang": 0.00860793048736162,
  "yi": 0.022814466992610253,
  "cheng": 0.007135486290211153,
  "de": 0.02529011492847862,
  "hao": 0.002764647624584366,
  "shi": 0.03161459968258781,
  "quan": 0.004970385007802172,
  "mian": 0.0027480982448194807,
  "zhan": 0.006450366546231696,
  "lve": 0.000568700592267073,
  "xie": 0.0026220116336404813,
  "zuo": 0.006006564614615946,
  "huo": 0.0028434619975240653,
  "ban": 0.002514358737546131,
  "guan": 0.005582507240046419,
  "gao": 0.0032852567023861543,
  "shui": 0.0023341179678295623,
  "shang": 0.004667990152791329,
  "qu": 0.0047225539494418906,
  "yao": 0.0052578690355000995,
  "fa": 0.008476764363581517,
  "shuang": 0.0008446737889899189,
  "fang": 0.005815755181584178,
  "she": 0.0054911169770378585,
  "ji": 0.019259299737573534,
  "bi": 0.0024891659935971106,
  "ci": 0.0024740913110389974,
  "li": 0.013855886280527308,
  "wen": 0.004851835737902229,
  "ti": 0.006356969056469474,
  "jian": 0.011620982663664457,
  "ding": 0.002454387717804073,
  "chi": 0.0027616163025482236,
  "lu": 0.002936081174871602,
  "ou": 0.0003894839178329849,
  "ya": 0.0013334539854122133,
  "lian": 0.0022646843076773843,
  "meng": 0.0009153773272923728,
  "dui": 0.0038088151746014866,
  "jie": 0.007131758583382924,
  "zao": 0.0015151694523355538,
  "qi": 0.008674168970232458,
  "xing": 0.00812779365512346,
  "da": 0.008177277939172918,
  "mu": 0.0024537732606345845,
  "you": 0.009350686313839078,
  "chuang": 0.0019296003312497638,
  "nong": 0.0018854823064805037,
  "ye": 0.0071978332110085655,
  "di": 0.005401365266481268,
  "bu": 0.01056083922724064,
  "duan": 0.0018139594919520652,
  "dong": 0.005005736776953399,
  "neng": 0.0027791078499729907,
  "mei": 0.0031059581003294676,
  "jiao": 0.003799762172304359,
  "liu": 0.002970367884929049,
  "man": 0.0009336471871318249,
  "peng": 0.0004704284089602438,
  "bo": 0.0014864538206148005,
  "kai": 0.0028312957455681968,
  "chu": 0.005735015509513415,
  "geng": 0.001979412325789615,
  "gong": 0.010100651771105201,
  "gu": 0.002752768119307592,
  "wu": 0.008198620084859812,
  "bao": 0.004401930198402895,
  "mi": 0.001246323958778772,
  "qie": 0.0008045292539166832,
  "xiao": 0.004489633718394525,
  "tiao": 0.0013339045873365046,
  "pei": 0.001078085585772875,
  "wei": 0.011914898009736361,
  "le": 0.004560951713866467,
  "xian": 0.00816093337846453,
  "wo": 0.003379801178864754,
  "xu": 0.0030906376349035597,
  "ni": 0.0011515336994323768,
  "nu": 0.0004061152252204683,
  "tuo": 0.0010290109398364093,
  "tui": 0.002279758990235497,
  "yin": 0.0030121509724542537,
  "ling": 0.003392254177499717,
  "shuo": 0.0013606539561148955,
  "zhen": 0.003030134085614611,
  "shen": 0.004739267184451972,
  "ru": 0.003155155637699831,
  "an": 0.003066755732916114,
  "kang": 0.0006860209478280393,
  "jiang": 0.003439813162418112,
  "bian": 0.0025396743729290488,
  "mao": 0.0014235334064591984,
  "zeng": 0.001100574718176147,
  "zhang": 0.003508140799665211,
  "ke": 0.0050845511498930985,
  "hua": 0.007116438117957015,
  "yu": 0.009887107422802367,
  "jue": 0.0018202269550808459,
  "re": 0.00044798024036827124,
  "wang": 0.0030960448579950566,
  "men": 0.0031042376202549005,
  "ge": 0.006633556710361808,
  "ta": 0.0018290341745101782,
  "gan": 0.0024559853064447424,
  "jiu": 0.004440436181024162,
  "ying": 0.004322665223538903,
  "gai": 0.002502684051325853,
  "beng": 7.103124879284768e-05,
  "lai": 0.003368413239323571,
  "cai": 0.002307942092409361,
  "guang": 0.0018571763128727426,
  "qun": 0.0009519170469712772,
  "lie": 0.0009122231138223328,
  "fan": 0.0023661516682655526,
  "qing": 0.00383490912239909,
  "qin": 0.0009004255361681575,
  "rang": 0.0008853918174213436,
  "bei": 0.0026528983473600933,
  "sheng": 0.006637816946736927,
  "chong": 0.0011962252175598258,
  "fen": 0.003323516902139626,
  "dou": 0.0016587066471280211,
  "zi": 0.006611231433203734,
  "tai": 0.0026628115896945048,
  "zu": 0.0027195055045326254,
  "gang": 0.0009170568435556408,
  "ku": 0.0006408378639649996,
  "duo": 0.002551226167715429,
  "zhe": 0.005078447542009515,
  "tie": 0.0005377319509248625,
  "ba": 0.002842110191751191,
  "yong": 0.0030305027599163044,
  "yue": 0.002195947032317293,
  "tian": 0.002368978171245199,
  "zhao": 0.001403911740846872,
  "feng": 0.0030876063128674174,
  "dang": 0.004317995349050792,
  "shu": 0.00567172642105612,
  "huan": 0.002155188040074569,
  "ju": 0.00536130265903063,
  "ming": 0.003432152929705158,
  "hou": 0.0018627064273981373,
  "xia": 0.0024169058304652864,
  "ting": 0.001086974732824806,
  "dao": 0.005963306829883969,
  "tan": 0.001326162427000952,
  "pin": 0.0023616866128339377,
  "hui": 0.00683989142787598,
  "xuan": 0.0011990926843507713,
  "bai": 0.0016789018060985367,
  "cun": 0.0024271467832900915,
  "en": 0.00022411301161803326,
  "kuan": 0.0003164454422864754,
  "kun": 0.000629941490159407,
  "kou": 0.001052196457031768,
  "qian": 0.0034248204074825974,
  "lao": 0.001509475482564962,
  "xue": 0.003582039515249004,
  "kan": 0.0010789048619988595,
  "xiu": 0.0010150422801833753,
  "can": 0.0010072181922252243,
  "hai": 0.0030396376898360303,
  "ai": 0.00109516749508465,
  "ri": 0.0014524538572364477,
  "long": 0.0009256182801171778,
  "shan": 0.002776895804162833,
  "gou": 0.0017398149935004769,
  "me": 0.00040857305389842144,
  "ce": 0.00133152868628115,
  "lei": 0.001346808187895759,
  "song": 0.0007148594709826903,
  "shao": 0.0011712372926673017,
  "chuan": 0.0017403475230473666,
  "han": 0.0013432033725014278,
  "nan": 0.0021000097862545193,
  "hong": 0.0011893023334502578,
  "liao": 0.0010178687831630215,
  "cong": 0.001416569558538331,
  "yang": 0.0036107961107810565,
  "zou": 0.0007531606345474611,
  "ning": 0.0005675126417393955,
  "fo": 3.3344542397565174e-05,
  "cha": 0.00163248980789652,
  "ha": 0.00019736364283964253,
  "wan": 0.0021302410789933437,
  "zang": 0.00014931309218565734,
  "mai": 0.0006830305896031963,
  "zhuo": 0.00044990553949933454,
  "ga": 4.293007424158269e-05,
  "zha": 0.00033954903185923554,
  "gen": 0.0007427558264774592,
  "tu": 0.0019392268269050805,
  "qiao": 0.0006018812794194412,
  "yan": 0.004928356137409173,
  "ze": 0.0016834078253414508,
  "su": 0.001902687107226176,
  "nuan": 0.0001211299900117939,
  "wa": 0.00031382375836332534,
  "te": 0.0016613283310511712,
  "se": 0.0015690368641940282,
  "chan": 0.002521076802599203,
  "ben": 0.0016988102183899576,
  "lv": 0.0022428096324436007,
  "huang": 0.0010123386686376268,
  "xiong": 0.0005714861314354199,
  "er": 0.0043087784915084686,
  "yun": 0.0018809353234262901,
  "zhuang": 0.00107099884641811,
  "miao": 0.0007364064357260801,
  "zhou": 0.0017422728221784302,
  "gua": 0.0002699515164618606,
  "zui": 0.0014583116822522362,
  "bing": 0.0018374727196378176,
  "chou": 0.0006451800279627169,
  "shun": 0.00027642379864713733,
  "tang": 0.0007548811146220283,
  "lin": 0.0015461790574890634,
  "deng": 0.0026281971691466638,
  "hen": 0.0006228137869933427,
  "pian": 0.0009183676855172158,
  "pi": 0.0009843603855202595,
  "nuo": 0.00021329856543503915,